<?xml version="1.0" encoding="UTF-8"?>
<project-private xmlns="http://www.netbeans.org/ns/project-private/1">
    <editor-bookmarks xmlns="http://www.netbeans.org/ns/editor-bookmarks/2" lastBookmarkId="0"/>
    <open-files xmlns="http://www.netbeans.org/ns/projectui-open-files/2">
        <group>
            <file>file:/C:/sites/inscriptions.dahultimate.com/application/layouts/scripts/tournoi-mobile.phtml</file>
            <file>file:/C:/sites/inscriptions.dahultimate.com/application/views/scripts/index/tournoi-mobile.phtml</file>
            <file>file:/C:/sites/inscriptions.dahultimate.com/application/layouts/scripts/tournoi.phtml</file>
            <file>file:/C:/sites/inscriptions.dahultimate.com/application/controllers/IndexController.php</file>
            <file>file:/C:/sites/inscriptions.dahultimate.com/public/_js/tournoi.js</file>
            <file>file:/C:/sites/inscriptions.dahultimate.com/application/controllers/AdminController.php</file>
            <file>file:/C:/sites/inscriptions.dahultimate.com/application/views/scripts/index/sav.phtml</file>
            <file>file:/C:/sites/inscriptions.dahultimate.com/application/configs/application.ini</file>
            <file>file:/C:/sites/inscriptions.dahultimate.com/application/models/TournoiMapper.php</file>
        </group>
    </open-files>
</project-private>
